Snapshot,Projekt,Område,Adress/fastighet om publicerad,Antal bostäder,Bostadstyp,Upplåtelseform,Byggherre/fastighetsägare,Projektstatus,Planerad byggstart,Planerad säljstart,Planerad inflyttning,Primär källa,Direkt URL,Sekundär källa,Ny/ändrad sedan föregående snapshot,Kommentar,Statusklass
2026-09-25,Kvarteret Skogsgläntan,Notviken,Hyvelgränd,52,"32 lägenheter + 20 radhus","48 bostadsrätter + 4 äganderätter","Lindbäcks + Cederfors","Aktivt; bokningsavtal tecknade, bygglov laga kraft","Hösten 2026 enligt senare uppgift","Ursprungligen Q1 2026; bokning pågår redan","Sommaren 2027",Lindbäcks,https://lindbacks.se/alla-projekt/kvarteret-skogsglantan/,HusmanHagberg,Baslinje,"Primärkällans projektsida har kvar äldre formulering om planerad säljstart, samtidigt som Lindbäcks uppger att flera bokningsavtal redan tecknats. HusmanHagbergs kortfakta anger 33 lägenheter för Brf Tallen medan projekttexten och Lindbäcks anger 32; 32 används här.",Aktiv/verifierad
2026-09-25,Kronanvägen,Kronan,Intill Kronanvägen,"ca 140","Flerbostadshus, 2–4 rok",Hyresrätt,"Lindbäcks Projektutveckling + Nornan Fastighetsutveckling","Verifierat planerat / bygglov","2026; äldre plan årsskiftet 2025/26","Ej relevant","Våren 2027 enligt äldre plan",Lindbäcks,https://lindbacks.se/alla-projekt/kronanvagen/,Fastighetsvärlden,Baslinje,"Lindbäcks aktuella projektsida säger fortfarande planerad byggstart 2026. Ingen färsk privat bekräftelse på att själva byggproduktionen faktiskt har startat; den äldre tidplanen bör därför behandlas med försiktighet.",Aktiv/verifierad
2026-09-25,Termosen,Kronandalen,"Regementsvägen / Lägergränd / Kompassgränd",32,"Parhus och radhus",Bostadsrätt,Bonava,"Till salu; enskilda bostäder både till salu, bokade och reserverade","Ej säkert publicerad","September 2025","Våren 2027",Bonava,https://www.bonava.se/bostad/lulea/kronandalen/termosen,Hemnet,Baslinje,"Tydligt aktivt projekt. Bonavas aktuella objektsidor visar både till-salu-, bokad- och reserveradstatus.",Aktiv/verifierad
2026-09-25,Kåsan,Kronandalen,"Regementsvägen, 974 42 Luleå",77,"Lägenheter, 1–5 rok",Bostadsrätt,Bonava,Planerad,"Ej publicerad","Ej publicerad","Ej publicerad",Bonava,https://www.bonava.se/bostad/lulea/kronandalen/kasan,Hemnet,Baslinje,"77 anges av Hemnet; Bonavas aktuella projektsida verifierar projekt, status och upplåtelseform men visar inte antalet i den hämtade informationen.",Aktiv/verifierad
2026-09-25,Ryggsäcken,Kronandalen,"Regementsvägen, 974 42 Luleå",96,"Lägenheter, 1–4 rok",Bostadsrätt,Bonava,Planerad,"Ej publicerad","Ej publicerad","Ej publicerad",Bonava,https://www.bonava.se/bostad/lulea/kronandalen/ryggsacken,Hemnet,Baslinje,"Bonava anger projektet som planerat; Hemnet har det som kommande utan tillgängliga bostäder ännu.",Aktiv/verifierad
2026-09-25,Bonum Brf Årstiden,Björkskatan,"Intill Björkskataskolan",48,"Lägenheter, 2–4 rok, 55+",Bostadsrätt,Riksbyggen,"Försäljning pågår, bygglov beviljat","Ej publicerad","Augusti 2026","Prel. 2029",Riksbyggen,https://www.riksbyggen.se/bostad/norrbottens-lan/lulea/bostadsratter/bonum-brf-arstiden/,"Nya Projekt",Baslinje,"En av de tydligaste färska förändringarna på marknaden: projektet är nu säljstartat.",Aktiv/verifierad
2026-09-25,BRF Västra Stranden,"Centrum / Varvet","Västra Stranden, Sandviksgatan–Residensgatan",74,"Lägenheter i två tiovåningshus",Bostadsrätt,Diös,"Pågående; försäljning pågår","Första spadtag våren 2022","Pågår","Bostadsinflyttning ej separat publicerad",Diös,https://www.dios.se/vara-byggprojekt/vastra-stranden/,Fastighetssverige,Baslinje,"Diös aktuella material säger ett sjuttiotal bostadsrätter; Diös egen publicerade projektinformation anger exakt 74. Hela området beräknas bli klart H1 2027, men det ska inte likställas med verifierad inflyttningsdag för bostäderna.",Aktiv/verifierad
2026-09-25,Kvarteret Skidan,"Kronan / Kronandalen","Lottagatan 3 & Krondalsvägen 68",95,"Lägenheter, 2–3 rok","Ej uttryckligen angiven på projektsidan","BD Fastigheter","Pågående – Vi bygger","Pågående; exakt startdatum ej publicerat i använd privat källa","Ej tillämpligt/publicerat","Q4 2028","BD Fastigheter",https://www.bdfast.se/skidan-2/,"Ingen säker oberoende privat projektkälla funnen",Baslinje,"Projektet fanns inte bland de 21 angivna källorna men är en tydlig privat verifierad träff. BD Fastigheter beskriver sig som privat hyresvärd.",Aktiv/verifierad
2026-09-25,Brf Bergtallen,Dalbo,Dalbo,25,"Par- och radhus, 100–110 kvm",Bostadsrätt,Ekeblad Bostad,"Kommande – försäljning pausad","Ej publicerad","Uppgavs återupptas under 2026","Ej publicerad","Ekeblad Bostad",https://www.ekebladbostad.se/bergtallen/,,Baslinje,"Aktuell sida säger fortfarande att försäljningen är pausad och planeras att återupptas under 2026. Eftersom september 2026 nu är nådd utan verifierad återstart klassas projektet som bevakning, inte aktivt.",Bevakning
2026-09-25,"Hertsöheden – första planområdet",Hertsöheden,"Ej publicerad","ca 650 totalt i första planområdet","Blandat: småhus, flerbostadshus m.m.","Blandat / ej fastställt per projekt","Bonava + Ekeblad som ankarbyggaktörer","Tidigt planeringsskede","Äldre uppgift: möjlig byggstart efter plan våren 2026","Ej publicerad","Ej publicerad",Bonava,https://www.bonava.se/om-oss/press/2025/5/bonava-utsedd-till-ankarbyggherre-pa-hertsoheden-i-lulea/,,Baslinje,"Ca 650 är områdestotal, inte Bonavas/Ekeblads tilldelade antal. Den privata primärkällans tidplan från 2025 har passerat utan färsk privat bekräftelse på byggstart. Därför bevakningsfall.",Bevakning
2026-09-25,Fjärilen 3,Varvet,"Hornsgatan 12",38,"Lägenheter i träbyggnad","Ej publicerad",Galären,"Kommande / planprocess","Tidigast våren 2027 enligt projektsidans äldre tidplan, villkorat av planprocess","Ej publicerad","Ej publicerad",Galären,https://galaren.se/galaren-projekt/mojlig-nyproduktion-av-bostader-i-kv-fjarilen/,"Äldre Galären-material",Baslinje,"Galärens projektsida är aktuell som kommande, men tidplanen bygger på plansteg som skulle ha skett Q1–Q2 2026. Ingen ny privat verifiering att de stegen är klara.",Bevakning
2026-09-25,Gäddan 8,Centrum,"Hörnet Varvsgatan/Kungsgatan","drygt 70","Lägenheter + affärslokaler","Ej publicerad",Galären,Kommande,"Ej publicerad; Galären skriver om några år","Ej publicerad","Ej publicerad",Galären,https://galaren.se/galaren-projekt/nyproduktion-i-kvarteret-gaddan/,"Äldre Galären-årsredovisning anger 78",Baslinje,"Aktuell projektsida använder drygt 70; äldre material anger 78. Det äldre exakta talet används inte som nuvarande omfattning.",Bevakning
2026-09-25,Munkeberg Strand,Munkeberg,Munkeberg Strand,"Ej aktuellt publicerat totalt antal","Ny stadsdel, bostäder","Blandat hyresrätt/BRF","Galären, HSB, Riksbyggen, Rikshem, SBB","Långsiktigt kommande","Ej publicerad","Ej publicerad","Ej publicerad",Galären,https://galaren.se/galaren-projekt/munkeberg-strand/,"Äldre Galären-material",Baslinje,"Fortfarande listat som kommande, men flera stora processer återstår: miljöprövning, vattendom och detaljplan. Äldre Galären-material nämner ca 200 lägenheter för Galärens möjliga del, inte totalprojektet; därför anges inget bostadsantal här.",Bevakning
2026-10-02,Kvarteret Skogsgläntan,Notviken,Hyvelgränd,52,"32 lägenheter + 20 radhus","48 bostadsrätter + 4 äganderätter","Lindbäcks + Cederfors","Säljstartat/under försäljning i etapper","Ej ny verifiering","Pågår","2027; Granen/Tallen sommaren 2027 enligt mäklarkälla","Cederfors + gemensam projektsida",https://www.kvskogsglantan.se/,"HusmanHagberg","Ingen sakändring","Aktuell Cederfors-sida anger Granen 16 BR + 4 äganderätter och Säljstartad; gemensam sida verifierar totalt 52 och Tallen 32 lägenheter. Lindbäcks projektsida är fortfarande osynkad och säger planerad säljstart Q1 2026.",Aktiv/verifierad
2026-10-02,Kronanvägen,Kronan,Intill Kronanvägen,"ca 140",Flerbostadshus,Hyresrätt,"Lindbäcks Projektutveckling + Nornan","Verifierat planerat / bygglov","2026, fortfarande endast planerad","Ej publicerad","Våren 2027 enligt äldre privat tidplan",Lindbäcks,https://lindbacks.se/alla-projekt/kronanvagen/,"Äldre Lindbäcks projektinfo","Ingen bekräftad statusändring","Lindbäcks anger fortfarande planerad byggstart 2026 men ingen privat bekräftelse på att byggstart faktiskt skett. Tidplansrisken ökar.",Aktiv/verifierad
2026-10-02,Termosen,Kronandalen,Regementsvägen,32,"Stadsradhus/par- och radhus",Bostadsrätt,Bonava,"Till salu","Ej ny verifiering","Pågår","Ej ny verifiering",Bonava,https://www.bonava.se/bostad/lulea/kronandalen/termosen,Booli,Oförändrad,"Bonava visar fortfarande projektet som Till salu; Booli anger 32 bostäder och Under försäljning.",Aktiv/verifierad
2026-10-02,Kåsan,Kronandalen,"Regementsvägen 974 42 Luleå",77,"Lägenheter, 1–5 rok",Bostadsrätt,Bonava,Planerad,"Ej publicerad","Ej publicerad","Ej publicerad",Bonava,https://www.bonava.se/bostad/lulea/kronandalen/kasan,Hemnet,Oförändrad,"77 är sekundär uppgift; Bonavas aktuella projektsida bekräftar projekt och status men inte antal. Att Kåsan inte syns i dagens Hemnet-filter betraktas inte som att projektet försvunnit.",Aktiv/verifierad
2026-10-02,Ryggsäcken,Kronandalen,"Regementsvägen 974 42 Luleå",96,"Lägenheter, 1–4 rok",Bostadsrätt,Bonava,Planerad,"Ej publicerad","Ej publicerad","Ej publicerad",Bonava,https://www.bonava.se/bostad/lulea/kronandalen/ryggsacken,,Oförändrad,"Bonavas aktuella sida anger fortsatt Planerad och bildinformationen anger 96 bostadsrätter.",Aktiv/verifierad
2026-10-02,Bonum Brf Årstiden,Björkskatan,Väderleden,48,"Lägenheter, 2–4 rok, 55+",Bostadsrätt,Riksbyggen,"Försäljning pågår","Inte angiven","Augusti 2026","Prel. 2029",Riksbyggen,https://www.riksbyggen.se/bostad/norrbottens-lan/lulea/bostadsratter/bonum-brf-arstiden/,Hemnet,"ÄNDRAD – källkonflikt om inflyttning","Riksbyggen anger fortfarande 2029 och visar 48 lägenheter samt försäljning pågår; Hemnetannonser anger nu Sommaren 2028. Primärkällans 2029 används tills Riksbyggen ändrar sin uppgift.",Aktiv/verifierad
2026-10-02,BRF Västra Stranden,"Centrum / Varvet",Västra Stranden,"ca 70; tidigare privat uppgift 74",Lägenheter,Bostadsrätt,Diös,"Pågående; försäljning pågår","Pågående sedan tidigare","Pågår","Ej separat verifierad",Diös,https://www.dios.se/vara-byggprojekt/vastra-stranden/,"Länsförsäkringar länkas av Diös","Ingen verifierad sakändring","Aktuell Diös-sida bekräftar att bostadsförsäljningen är i full gång. Precisionen är sänkt från exakt 74 till ca 70 eftersom aktuell primärkälla inte återbekräftar exaktantalet.",Aktiv/verifierad
2026-10-02,Kvarteret Skidan,Kronan,"Lottagatan 3 / Krondalsvägen 68",95,"Lägenheter, 2–3 rok",Hyresrätt,BD Fastigheter,"Under byggnation","Pågående","Ej tillämpligt","Q4 2028","BD Fastigheter",https://www.bdfast.se/skidan-2/,,Oförändrad,"Projektsidan säger uttryckligen Vi bygger kvarteret Skidan och anger 95 lägenheter samt beräknad inflytt Q4 2028.",Aktiv/verifierad
2026-10-02,Brf Bergtallen,Dalbo,Dalbo,25,"Par- och radhus",Bostadsrätt,Ekeblad Bostad,"Kommande; försäljning pausad","Ej publicerad","Uppges återupptas under 2026","Ej publicerad","Ekeblad Bostad",https://www.ekebladbostad.se/bergtallen/,Booli,"Oförändrad men ökad tidsplansrisk","Fortfarande pausad den 2 oktober trots formuleringen att försäljningen ska återupptas under 2026.",Bevakning
2026-10-02,"Hertsöheden – första planområdet",Hertsöheden,"Ej publicerad","ca 650 i hela första planområdet",Blandat,"Blandat/ej fastställt per delprojekt","Bonava + Ekeblad som ankarbyggaktörer","Tidigt planeringsskede","Äldre privat uppgift antydde möjlig start efter plan 2026","Ej publicerad","Ej publicerad",Bonava,https://www.bonava.se/om-oss/press/2025/5/bonava-utsedd-till-ankarbyggherre-pa-hertsoheden-i-lulea/,, "Ingen ny privat verifiering","Källan är från maj 2025. Ca 650 avser hela första planområdet, inte Bonavas/Ekeblads egna bostadsantal. Äldre tidplan bör nu betraktas som osäker.",Bevakning
2026-10-02,Fjärilen 3,Varvet,"Hornsgatan 12",38,"Lägenheter i trä","Ej publicerad",Galären,"Kommande projekt / planprocess","Tidigast våren 2027 enligt befintlig projektsida","Ej publicerad","Ej publicerad",Galären,https://galaren.se/galaren-projekt/mojlig-nyproduktion-av-bostader-i-kv-fjarilen/,,Oförändrad,"Galärens sida är kvar men tidplanen bygger på äldre planprocess. Ingen färsk privat bekräftelse på att tidplanen håller.",Bevakning
2026-10-02,Gäddan 8,Centrum,"Varvsgatan/Kungsgatan","drygt 70; faktadelen säger drygt 78","Lägenheter + lokaler","Ej publicerad",Galären,"Kommande projekt","Ej publicerad","Ej publicerad","Ej publicerad",Galären,https://galaren.se/galaren-projekt/nyproduktion-i-kvarteret-gaddan/,, "Nytt tydligare källproblem","Galärens aktuella sida är internt motsägelsefull: ingressen säger drygt 70, medan faktadelen säger drygt 78. Detta tolkas inte som en säker ändring i projektstorlek.",Bevakning
2026-10-02,Munkeberg Strand,Munkeberg,"Ej publicerad","Ej aktuellt publicerat","Blandad stadsdel","Hyresrätt + bostadsrätt planeras","Galären, HSB, Riksbyggen, Rikshem, SBB","Kommande, långsiktigt","Ej publicerad","Ej publicerad","Ej publicerad",Galären,https://galaren.se/galaren-projekt/munkeberg-strand/,,Oförändrad,"Fortfarande ett tidigt områdesutvecklingsprojekt; inget nytt privat bostadsantal eller tidplan publicerat.",Bevakning
